{"m2p0": {"exp-2": 0.026283663140463865, "exp-1": 0.038994680991941255, "exp0": 0.065966840823125, "exp+1": 0.1253927800709368, "exp+2": 0.20000801413391103, "theo": 0.047975884234999995}, "m1p75": {"exp-2": 0.026512372321099088, "exp-1": 0.03933399600641003, "exp0": 0.06654085602158202, "exp+1": 0.12648389522256823, "exp+2": 0.2017483850330695, "theo": 0.040558236051249995}, "m1p5": {"exp-2": 0.026715382012607116, "exp-1": 0.0396351830257506, "exp0": 0.06705037054144532, "exp+1": 0.12745240351638057, "exp+2": 0.20329320863223294, "theo": 0.0337891631075}, "m1p25": {"exp-2": 0.026957705736334305, "exp-1": 0.03999469669981583, "exp0": 0.06765855557354492, "exp+1": 0.12860847823023586, "exp+2": 0.20513720275396505, "theo": 0.02766867448375}, "m1p0": {"exp-2": 0.02736119793240692, "exp-1": 0.040593321381029564, "exp0": 0.0686712418695703, "exp+1": 0.1305334289395067, "exp+2": 0.2082076061980887, "theo": 0.022196765048749997}, "m0p75": {"exp-2": 0.02790522921406448, "exp-1": 0.04140045112411374, "exp0": 0.07003665371373047, "exp+1": 0.13312886982084574, "exp+2": 0.21234746736317453, "theo": 0.017373433479375}, "m0p5": {"exp-2": 0.028841500225742396, "exp-1": 0.04278951128773209, "exp0": 0.07238651037049072, "exp+1": 0.13759558649707498, "exp+2": 0.2194721095757838, "theo": 0.013198679953593749}, "m0p25": {"exp-2": 0.03034937985147125, "exp-1": 0.04502661517486199, "exp0": 0.07617099256839843, "exp+1": 0.14478930554990466, "exp+2": 0.23094645389076496, "theo": 0.0096725069928125}, "0p0": {"exp-2": 0.033165010512144925, "exp-1": 0.04920391035694295, "exp0": 0.08323767344224609, "exp+1": 0.15822197711496144, "exp+2": 0.252372259615002, "theo": 0.0067949121177343745}, "0p1": {"exp-2": 0.035106458155257106, "exp-1": 0.05208425968652958, "exp0": 0.08811032635044921, "exp+1": 0.1667817098116798, "exp+2": 0.2671404050455152, "theo": 0.005825476122343749}, "0p2": {"exp-2": 0.037794356487518686, "exp-1": 0.05607205002782146, "exp0": 0.09485642412553709, "exp+1": 0.1795512141099786, "exp+2": 0.2875937964203611, "theo": 0.004959813026171874}, "0p3": {"exp-2": 0.04097894056309845, "exp-1": 0.06079672784215816, "exp0": 0.10284910572699218, "exp+1": 0.1946803618750496, "exp+2": 0.3118266880559959, "theo": 0.004197922682734375}, "0p4": {"exp-2": 0.04689550353453529, "exp-1": 0.06957459432168724, "exp0": 0.1176985186749121, "exp+1": 0.22372671549343967, "exp+2": 0.3568557347045012, "theo": 0.003539805072929687}, "0p5": {"exp-2": 0.055015259829642095, "exp-1": 0.08162113839615252, "exp0": 0.1380775148665527, "exp+1": 0.26136327824649136, "exp+2": 0.4186352049082627, "theo": 0.002985459780898437}, "0p6": {"exp-2": 0.07271957624295411, "exp-1": 0.10788742278079205, "exp0": 0.182511877629375, "exp+1": 0.3454719061106647, "exp+2": 0.5533550896321813, "theo": 0.002534887189296875}, "0p7": {"exp-2": 0.10243838104135665, "exp-1": 0.15318680694327874, "exp0": 0.25710025045673823, "exp+1": 0.484608637629199, "exp+2": 0.7794824401188284, "theo": 0.0021880872379296873}, "0p8": {"exp-2": 0.16708142932495343, "exp-1": 0.2465794425345585, "exp0": 0.4152703486134765, "exp+1": 0.7794331250345836, "exp+2": 1.259000391606622, "theo": 0.0019450601808593748}, "0p9": {"exp-2": 0.4843932644776314, "exp-1": 0.7129663361530137, "exp0": 1.1809969114883203, "exp+1": 2.1884028167921628, "exp+2": 3.580279343130395, "theo": 0.0018058056750585938}, "1p0": {"exp-2": 0.9700613403010641, "exp-1": 1.4133034451202857, "exp0": 2.320894421654882, "exp+1": 4.22663841797064, "exp+2": 7.035384963234874, "theo": 0.0017703237388671871}, "1p1": {"exp-2": 0.4856528043933333, "exp-1": 0.7148202214664375, "exp0": 1.1840677897589842, "exp+1": 2.1940931582577945, "exp+2": 3.5895890561050963, "theo": 0.0018386145803710933}, "1p2": {"exp-2": 0.208717776367668, "exp-1": 0.31044869497648436, "exp0": 0.5187548616516797, "exp+1": 0.9778018348496116, "exp+2": 1.5727729071410963, "theo": 0.002010677758339844}, "1p3": {"exp-2": 0.1063630895240934, "exp-1": 0.15905583332325363, "exp0": 0.2669504991977246, "exp+1": 0.5031754094752682, "exp+2": 0.8093466559694263, "theo": 0.0022865139117578125}, "1p4": {"exp-2": 0.07635160530638123, "exp-1": 0.113275934036811, "exp0": 0.19162755841601564, "exp+1": 0.3627267542731851, "exp+2": 0.5809927970808374, "theo": 0.002666122551875}, "1p5": {"exp-2": 0.06023426349796874, "exp-1": 0.08936409956768188, "exp0": 0.15117619074, "exp+1": 0.286157421170155, "exp+2": 0.4583488953565821, "theo": 0.0031495039737499996}, "1p6": {"exp-2": 0.049503419126301955, "exp-1": 0.07344372154384718, "exp0": 0.12424387545424803, "exp+1": 0.23616842835830756, "exp+2": 0.37670091312042026, "theo": 0.003736657908398437}, "1p7": {"exp-2": 0.04399263251375289, "exp-1": 0.06526786855019864, "exp0": 0.11041288160314452, "exp+1": 0.20987785251082067, "exp+2": 0.33476606527359654, "theo": 0.0044275842246874995}, "1p8": {"exp-2": 0.039794415150801545, "exp-1": 0.0590393551984548, "exp0": 0.09987617920201172, "exp+1": 0.18905297560715378, "exp+2": 0.3028131179671351, "theo": 0.00522228387984375}, "1p9": {"exp-2": 0.03688592205894653, "exp-1": 0.054724288471338416, "exp0": 0.09257643183421875, "exp+1": 0.17523548293493196, "exp+2": 0.2806811247015162, "theo": 0.00612075582375}, "2p0": {"exp-2": 0.034766361328125, "exp-1": 0.05157968894958496, "exp0": 0.08725675, "exp+1": 0.16586162167549134, "exp+2": 0.2645578889160156, "theo": 0.007123}, "2p25": {"exp-2": 0.03188726147024048, "exp-1": 0.04730823029094348, "exp0": 0.08003077388609375, "exp+1": 0.15148813657941002, "exp+2": 0.24264413028098536, "theo": 0.0100826171825}, "2p5": {"exp-2": 0.03000213399481933, "exp-1": 0.04451143807288989, "exp0": 0.07529947355562498, "exp+1": 0.14313267407081684, "exp+2": 0.2283040688816793, "theo": 0.013690813373749998}, "2p75": {"exp-2": 0.028939170247346702, "exp-1": 0.04293441541751728, "exp0": 0.0726316429737329, "exp+1": 0.13806154467744935, "exp+2": 0.22021533157758608, "theo": 0.017947587452968747}, "3p0": {"exp-2": 0.028241180767598247, "exp-1": 0.04189887189555591, "exp0": 0.07087982624024658, "exp+1": 0.1347316127983111, "exp+2": 0.21490392447422652, "theo": 0.022852941457812498}, "3p25": {"exp-2": 0.0277653619540258, "exp-1": 0.04119294278871628, "exp0": 0.06968561431598633, "exp+1": 0.13246159804980517, "exp+2": 0.21128313302747817, "theo": 0.028406874625625}, "3p5": {"exp-2": 0.02736389126106033, "exp-1": 0.040597317227844563, "exp0": 0.0686780015963867, "exp+1": 0.1305462788867181, "exp+2": 0.20822810066872027, "theo": 0.034609386631249996}, "3p75": {"exp-2": 0.027102153210452267, "exp-1": 0.04020900028235757, "exp0": 0.06802109041054687, "exp+1": 0.12929759228859256, "exp+2": 0.20623637805418737, "theo": 0.041460474154999996}, "4p0": {"exp-2": 0.026975295228760753, "exp-1": 0.04002079263029226, "exp0": 0.06770270175061523, "exp+1": 0.1286923847632548, "exp+2": 0.20527104367361076, "theo": 0.048960145898749995}}