{"m2p0": {"exp-2": 0.025365667552837368, "exp-1": 0.038250674026765255, "exp0": 0.06559202922753905, "exp+1": 0.12729485054879294, "exp+2": 0.19889202084366026, "theo": 0.047975884234999995}, "m1p75": {"exp-2": 0.025487524315409543, "exp-1": 0.038434430409024695, "exp0": 0.06590713358328124, "exp+1": 0.1279063765959544, "exp+2": 0.19984750781327745, "theo": 0.040558236051249995}, "m1p5": {"exp-2": 0.025725465124692076, "exp-1": 0.03879323808931036, "exp0": 0.06652241486789062, "exp+1": 0.12910046046024537, "exp+2": 0.20171319236248378, "theo": 0.0337891631075}, "m1p25": {"exp-2": 0.025997644613042565, "exp-1": 0.0392036766817101, "exp0": 0.06722623253473632, "exp+1": 0.13046635376975455, "exp+2": 0.20384734490822767, "theo": 0.02766867448375}, "m1p0": {"exp-2": 0.026422333297471387, "exp-1": 0.0395167345844127, "exp0": 0.06832441741568358, "exp+1": 0.13205292394221926, "exp+2": 0.20717308118063887, "theo": 0.022196765048749997}, "m0p75": {"exp-2": 0.026979508545882453, "exp-1": 0.04051716677575884, "exp0": 0.06976519381561523, "exp+1": 0.13539373908126498, "exp+2": 0.21154614372349892, "theo": 0.017373433479375}, "m0p5": {"exp-2": 0.02775396250983959, "exp-1": 0.041852151957112116, "exp0": 0.07176782224766601, "exp+1": 0.13928025039011566, "exp+2": 0.21761863817917862, "theo": 0.013198679953593749}, "m0p25": {"exp-2": 0.029222967293958662, "exp-1": 0.0440673675836692, "exp0": 0.07556646088134765, "exp+1": 0.14665228816373752, "exp+2": 0.229137083614657, "theo": 0.0096725069928125}, "0p0": {"exp-2": 0.03186110403642734, "exp-1": 0.04804559951326469, "exp0": 0.0823883094275293, "exp+1": 0.1592346923266004, "exp+2": 0.2498175578350193, "theo": 0.0067949121177343745}, "0p1": {"exp-2": 0.03379231266281433, "exp-1": 0.050957804819580094, "exp0": 0.08738214183515625, "exp+1": 0.1695830579533294, "exp+2": 0.2649652960314661, "theo": 0.005825476122343749}, "0p2": {"exp-2": 0.03596348800715446, "exp-1": 0.05423187281634426, "exp0": 0.09299649424072264, "exp+1": 0.18047887078979277, "exp+2": 0.2819894672857277, "theo": 0.004959813026171874}, "0p3": {"exp-2": 0.03977367760536026, "exp-1": 0.059977525675570485, "exp0": 0.10284910572699218, "exp+1": 0.19877995980012414, "exp+2": 0.3118587156643542, "theo": 0.004197922682734375}, "0p4": {"exp-2": 0.04534511039468278, "exp-1": 0.06837908100789089, "exp0": 0.11725604304079588, "exp+1": 0.22662473644960068, "exp+2": 0.35554340447448357, "theo": 0.003539805072929687}, "0p5": {"exp-2": 0.054118747248952374, "exp-1": 0.08160946505525812, "exp0": 0.13994342722961423, "exp+1": 0.2704734268074854, "exp+2": 0.42433598627882535, "theo": 0.002985459780898437}, "0p6": {"exp-2": 0.06931332158233643, "exp-1": 0.10394832196051015, "exp0": 0.17744210325078125, "exp+1": 0.3429483906381899, "exp+2": 0.5380393597175647, "theo": 0.002534887189296875}, "0p7": {"exp-2": 0.10662651677020644, "exp-1": 0.15990645436881898, "exp0": 0.27296388293172846, "exp+1": 0.5275665768419376, "exp+2": 0.8276801898636937, "theo": 0.0021880872379296873}, "0p8": {"exp-2": 0.16829329299232482, "exp-1": 0.2523873478344271, "exp0": 0.4308308300603515, "exp+1": 0.8258121376851001, "exp+2": 1.306310205303771, "theo": 0.0019450601808593748}, "0p9": {"exp-2": 0.39428638286357487, "exp-1": 0.5849668532527148, "exp0": 0.9895815099321095, "exp+1": 1.8652636785661079, "exp+2": 3.0002361319135824, "theo": 0.0018058056750585938}, "1p0": {"exp-2": 0.782019765663265, "exp-1": 1.1510353425856183, "exp0": 1.9066386667599606, "exp+1": 3.5178266821840674, "exp+2": 5.779997226583575, "theo": 0.0017703237388671871}, "1p1": {"exp-2": 0.4007174292860343, "exp-1": 0.5992346116253473, "exp0": 1.0057221754629881, "exp+1": 1.8956872687290016, "exp+2": 3.0491717069505997, "theo": 0.0018386145803710933}, "1p2": {"exp-2": 0.1739707513563576, "exp-1": 0.2609017611747375, "exp0": 0.4453651234722754, "exp+1": 0.8536713229494461, "exp+2": 1.3503792330662825, "theo": 0.002010677758339844}, "1p3": {"exp-2": 0.11142289472335434, "exp-1": 0.16709952243043047, "exp0": 0.2852426104917871, "exp+1": 0.5512980910527575, "exp+2": 0.8649117072682718, "theo": 0.0022865139117578125}, "1p4": {"exp-2": 0.07217277064255372, "exp-1": 0.10883439663893299, "exp0": 0.18662857863125001, "exp+1": 0.3607034041871247, "exp+2": 0.5658945600404723, "theo": 0.002666122551875}, "1p5": {"exp-2": 0.05709244874290466, "exp-1": 0.08609371867330848, "exp0": 0.14763299876953123, "exp+1": 0.2853353235485889, "exp+2": 0.447652279069758, "theo": 0.0031495039737499996}, "1p6": {"exp-2": 0.0478668067513833, "exp-1": 0.07218172429073418, "exp0": 0.12377679321569823, "exp+1": 0.2392276117600594, "exp+2": 0.3753156026212839, "theo": 0.003736657908398437}, "1p7": {"exp-2": 0.04194963100382629, "exp-1": 0.06325879883618345, "exp0": 0.10847581350484374, "exp+1": 0.20965488902758206, "exp+2": 0.3289200002386438, "theo": 0.0044275842246874995}, "1p8": {"exp-2": 0.03862399117577797, "exp-1": 0.05800456629345349, "exp0": 0.09987617920201172, "exp+1": 0.19303409450681144, "exp+2": 0.3028442352439765, "theo": 0.00522228387984375}, "1p9": {"exp-2": 0.03550516561823731, "exp-1": 0.053540736253069494, "exp0": 0.09181133735625, "exp+1": 0.17817882483390357, "exp+2": 0.27839576452057435, "theo": 0.00612075582375}, "2p0": {"exp-2": 0.0337438212890625, "exp-1": 0.050884681266784665, "exp0": 0.08725675, "exp+1": 0.16933970336341858, "exp+2": 0.2645850610046387, "theo": 0.007123}, "2p25": {"exp-2": 0.030462008699569703, "exp-1": 0.04593580525884449, "exp0": 0.07877044673828125, "exp+1": 0.15287028291542165, "exp+2": 0.23885239867159894, "theo": 0.0100826171825}, "2p5": {"exp-2": 0.028954265344264977, "exp-1": 0.043662173016379376, "exp0": 0.0748716356376953, "exp+1": 0.1453038392177471, "exp+2": 0.22703019088177917, "theo": 0.013690813373749998}, "2p75": {"exp-2": 0.027979570234602524, "exp-1": 0.042019034986553294, "exp0": 0.07235121191978026, "exp+1": 0.1398356510723007, "exp+2": 0.2193831099769217, "theo": 0.017947587452968747}, "3p0": {"exp-2": 0.027203425125226877, "exp-1": 0.04102195791650571, "exp0": 0.07034421042482909, "exp+1": 0.13651743473496916, "exp+2": 0.21330187176590507, "theo": 0.022852941457812498}, "3p25": {"exp-2": 0.02677708567615677, "exp-1": 0.04021317305556355, "exp0": 0.06924175689996093, "exp+1": 0.13437790042895387, "exp+2": 0.2099589430514886, "theo": 0.028406874625625}, "3p5": {"exp-2": 0.0264545076584753, "exp-1": 0.039728733269777, "exp0": 0.06840761576333007, "exp+1": 0.13275908096389602, "exp+2": 0.2074296175054749, "theo": 0.034609386631249996}, "3p75": {"exp-2": 0.02617976900455032, "exp-1": 0.03931613747167731, "exp0": 0.06769718045621093, "exp+1": 0.13138033092258525, "exp+2": 0.20527538324398745, "theo": 0.041460474154999996}, "4p0": {"exp-2": 0.025960023648615473, "exp-1": 0.039146945383632656, "exp0": 0.06712895004086425, "exp+1": 0.1302775676333816, "exp+2": 0.20355235660620974, "theo": 0.048960145898749995}}