{"m2p0": {"exp-2": 0.022868631708025586, "exp-1": 0.03242013353319252, "exp0": 0.050037348010722654, "exp+1": 0.08234841123233956, "exp+2": 0.13579504862774097, "theo": 0.047975884234999995}, "m1p75": {"exp-2": 0.023025661171307485, "exp-1": 0.03264274922062161, "exp0": 0.0503809338449121, "exp+1": 0.08291386272660882, "exp+2": 0.13617838064731203, "theo": 0.040558236051249995}, "m1p5": {"exp-2": 0.023164055177211915, "exp-1": 0.032838946011444055, "exp0": 0.05068374466125, "exp+1": 0.08341221117887189, "exp+2": 0.13754928992629348, "theo": 0.0337891631075}, "m1p25": {"exp-2": 0.023413838951413076, "exp-1": 0.03319305654229775, "exp0": 0.05123028009881836, "exp+1": 0.08431166726243947, "exp+2": 0.1390325191963723, "theo": 0.02766867448375}, "m1p0": {"exp-2": 0.02377644205356216, "exp-1": 0.03370710745453915, "exp0": 0.052023668083007804, "exp+1": 0.08561737596482533, "exp+2": 0.14061864544752878, "theo": 0.022196765048749997}, "m0p75": {"exp-2": 0.024316868685853726, "exp-1": 0.034473253142986146, "exp0": 0.053206140030585936, "exp+1": 0.08756341299249257, "exp+2": 0.14381484463768313, "theo": 0.017373433479375}, "m0p5": {"exp-2": 0.025071369477279337, "exp-1": 0.035542884974099735, "exp0": 0.05485701355712402, "exp+1": 0.0902803260250638, "exp+2": 0.14827710754079493, "theo": 0.013198679953593749}, "m0p25": {"exp-2": 0.026385682833054314, "exp-1": 0.037406145314408126, "exp0": 0.05773277611334961, "exp+1": 0.09501308186973242, "exp+2": 0.15667947416300604, "theo": 0.0096725069928125}, "0p0": {"exp-2": 0.028725756403976666, "exp-1": 0.04072359336357029, "exp0": 0.06285293708904297, "exp+1": 0.10343952747715593, "exp+2": 0.16988988457439264, "theo": 0.0067949121177343745}, "0p1": {"exp-2": 0.030534682521645293, "exp-1": 0.043288050521971905, "exp0": 0.06681092927812987, "exp+1": 0.10995335067489292, "exp+2": 0.18131643318285642, "theo": 0.005825476122343749}, "0p2": {"exp-2": 0.03244342539312085, "exp-1": 0.04599401472498323, "exp0": 0.07098732393708494, "exp+1": 0.11682659992750036, "exp+2": 0.19265064216591787, "theo": 0.004959813026171874}, "0p3": {"exp-2": 0.03585349834230875, "exp-1": 0.0508283669408091, "exp0": 0.07844868013359863, "exp+1": 0.12910605167338296, "exp+2": 0.21289982737279436, "theo": 0.004197922682734375}, "0p4": {"exp-2": 0.041051714007398925, "exp-1": 0.058197712345825756, "exp0": 0.08982255372559081, "exp+1": 0.1478244684427946, "exp+2": 0.24278806024818564, "theo": 0.003539805072929687}, "0p5": {"exp-2": 0.0489495869056585, "exp-1": 0.06939427614810602, "exp0": 0.10710336963973142, "exp+1": 0.17626419035857474, "exp+2": 0.28949766976402685, "theo": 0.002985459780898437}, "0p6": {"exp-2": 0.06227059301441688, "exp-1": 0.08827904382272202, "exp0": 0.13625018642470704, "exp+1": 0.2242322311738967, "exp+2": 0.3697657998528755, "theo": 0.002534887189296875}, "0p7": {"exp-2": 0.09600232756416503, "exp-1": 0.1360994535600152, "exp0": 0.21005637484124998, "exp+1": 0.34569795138129195, "exp+2": 0.5700665054844566, "theo": 0.0021880872379296873}, "0p8": {"exp-2": 0.15356668011907995, "exp-1": 0.21770660961593125, "exp0": 0.336009146243457, "exp+1": 0.552983316167107, "exp+2": 0.9082241499751695, "theo": 0.0019450601808593748}, "0p9": {"exp-2": 0.362310925343885, "exp-1": 0.5136367024556638, "exp0": 0.7927486913507227, "exp+1": 1.3046573466703755, "exp+2": 2.151419951836605, "theo": 0.0018058056750585938}, "1p0": {"exp-2": 0.729802130693788, "exp-1": 1.03461732350159, "exp0": 1.5968320124582027, "exp+1": 2.6406986940146493, "exp+2": 4.371194254732793, "theo": 0.0017703237388671871}, "1p1": {"exp-2": 0.36889359645156433, "exp-1": 0.522968746411803, "exp0": 0.8071518007829099, "exp+1": 1.3283611039147845, "exp+2": 2.1993055587722643, "theo": 0.0018386145803710933}, "1p2": {"exp-2": 0.15874732883642712, "exp-1": 0.2250510509165454, "exp0": 0.347344582753208, "exp+1": 0.5716384847583278, "exp+2": 0.9388635456694961, "theo": 0.002010677758339844}, "1p3": {"exp-2": 0.10032079787837402, "exp-1": 0.14222161189608432, "exp0": 0.21950533552875, "exp+1": 0.3612484737342544, "exp+2": 0.5957097929288583, "theo": 0.0022865139117578125}, "1p4": {"exp-2": 0.06549444608634339, "exp-1": 0.09284939802745436, "exp0": 0.14330408716328125, "exp+1": 0.2358411099768902, "exp+2": 0.3873472992583787, "theo": 0.002666122551875}, "1p5": {"exp-2": 0.0516392548508551, "exp-1": 0.07320733304877834, "exp0": 0.11298845505828123, "exp+1": 0.18594950483543063, "exp+2": 0.3054049051830739, "theo": 0.0031495039737499996}, "1p6": {"exp-2": 0.04333464940545473, "exp-1": 0.0612330517757432, "exp0": 0.09481769442561035, "exp+1": 0.15604516567473026, "exp+2": 0.2562897975170848, "theo": 0.003736657908398437}, "1p7": {"exp-2": 0.03781498509087959, "exp-1": 0.05360910446477461, "exp0": 0.08274048019884765, "exp+1": 0.13616923438152076, "exp+2": 0.22454723165612947, "theo": 0.0044275842246874995}, "1p8": {"exp-2": 0.034757002160258905, "exp-1": 0.04927389909618435, "exp0": 0.07604950900022461, "exp+1": 0.1251576418604311, "exp+2": 0.20638878505842848, "theo": 0.00522228387984375}, "1p9": {"exp-2": 0.03208241385693374, "exp-1": 0.045482220125304514, "exp0": 0.07019741835363282, "exp+1": 0.11552662775543425, "exp+2": 0.18974183114136045, "theo": 0.00612075582375}, "2p0": {"exp-2": 0.030417957641601562, "exp-1": 0.04312257336330414, "exp0": 0.06655553125, "exp+1": 0.10953303283214569, "exp+2": 0.18062332074546814, "theo": 0.007123}, "2p25": {"exp-2": 0.027504424582193297, "exp-1": 0.0389921499936262, "exp0": 0.060180621308046876, "exp+1": 0.09904159619981716, "exp+2": 0.1633226173436598, "theo": 0.0100826171825}, "2p5": {"exp-2": 0.02610396234024513, "exp-1": 0.03700675911096049, "exp0": 0.05711636204361327, "exp+1": 0.0939986201637773, "exp+2": 0.15500659946026799, "theo": 0.013690813373749998}, "2p75": {"exp-2": 0.025184570882414426, "exp-1": 0.035703367014192085, "exp0": 0.055104702101693104, "exp+1": 0.09068795223179851, "exp+2": 0.14894661365049264, "theo": 0.017947587452968747}, "3p0": {"exp-2": 0.02456091428588204, "exp-1": 0.034819228846391666, "exp0": 0.0537401201468872, "exp+1": 0.08844221027648545, "exp+2": 0.14525817660036178, "theo": 0.022852941457812498}, "3p25": {"exp-2": 0.024139948450474662, "exp-1": 0.034222438939104406, "exp0": 0.05281903250702148, "exp+1": 0.08692634186520828, "exp+2": 0.1427684960644143, "theo": 0.028406874625625}, "3p5": {"exp-2": 0.02384993162598438, "exp-1": 0.03381129128948146, "exp0": 0.05218446577993163, "exp+1": 0.08588200985540291, "exp+2": 0.14105327861359115, "theo": 0.034609386631249996}, "3p75": {"exp-2": 0.023537878439497832, "exp-1": 0.03336890338868713, "exp0": 0.05150168273941406, "exp+1": 0.08475832278119587, "exp+2": 0.1397690728606877, "theo": 0.041460474154999996}, "4p0": {"exp-2": 0.023425206524676587, "exp-1": 0.03320917199021158, "exp0": 0.0512551527377539, "exp+1": 0.08435260236439886, "exp+2": 0.13854136888567686, "theo": 0.048960145898749995}}